{
  "citadel_format": 0,
  "biomes": [
    [
      {
        "type": "BIOME_TAG",
        "negate": false,
        "value": "forge:is_overworld"
      },
      {
        "type": "BIOME_TAG",
        "negate": false,
        "value": "minecraft:is_jungle"
      }
    ],
    [
      {
        "type": "BIOME_TAG",
        "negate": false,
        "value": "forge:is_overworld"
      }
    ],
	[
      {
        "type": "REGISTRY_NAME",
        "negate": false,
        "value": "terralith:amethyst_canyon"
      }
    ],
	[
      {
        "type": "REGISTRY_NAME",
        "negate": false,
        "value": "terralith:amethyst_rainforest"
      }
    ],
	[
      {
        "type": "REGISTRY_NAME",
        "negate": false,
        "value": "terralith:blooming_plateau"
      }
    ],
	[
      {
        "type": "REGISTRY_NAME",
        "negate": false,
        "value": "terralith:blooming_valley"
      }
    ],
	[
      {
        "type": "REGISTRY_NAME",
        "negate": false,
        "value": "terralith:emerald_peaks"
      }
    ],
	[
      {
        "type": "REGISTRY_NAME",
        "negate": false,
        "value": "terralith:granite_cliffs"
      }
    ],
	[
        "type": "REGISTRY_NAME",
        "negate": false,
        "value": "terralith:haze_mountain"
      }
    ],
	[
      {
        "type": "REGISTRY_NAME",
        "negate": false,
        "value": "terralith:jungle_mountains"
      }
    ],
	[
      {
        "type": "REGISTRY_NAME",
        "negate": false,
        "value": "terralith:lush_valley"
      }
    ],
	[
      {
        "type": "REGISTRY_NAME",
        "negate": false,
        "value": "terralith:mirage_isles"
      }
    ],
	[
      {
        "type": "REGISTRY_NAME",
        "negate": false,
        "value": "terralith:moonlight_grove"
      }
    ],
	[
      {
        "type": "REGISTRY_NAME",
        "negate": false,
        "value": "terralith:moonlight_valley"
      }
    ],
	[
      {
        "type": "REGISTRY_NAME",
        "negate": false,
        "value": "terralith:rocky_jungle"
      }
    ],
	[
      {
        "type": "REGISTRY_NAME",
        "negate": false,
        "value": "terralith:sakura_grove"
      }
    ],
	[
      {
        "type": "REGISTRY_NAME",
        "negate": false,
        "value": "terralith:sakura_valley"
      }
    ],
	[
      {
        "type": "REGISTRY_NAME",
        "negate": false,
        "value": "terralith:tropical_jungle"
      }
    ],
	[
      {
        "type": "REGISTRY_NAME",
        "negate": false,
        "value": "byg:forgotten_fores"
      }
    ],
	[
      {
        "type": "REGISTRY_NAME",
        "negate": false,
        "value": "byg:borealis_grove"
      }
    ],
	[
      {
        "type": "REGISTRY_NAME",
        "negate": false,
        "value": "byg:skyris_vale"

      }
    ],
	[
      {
        "type": "REGISTRY_NAME",
        "negate": false,
        "value": "byg:guiana_shield"
 
      }
    ],
	[
      {
        "type": "REGISTRY_NAME",
        "negate": false,
        "value": "byg:jacaranda_forest"
      }
    ]
  ]
}