{
  "type": "integrated_api:generic_structure",
  "start_pool": "idas:nexus/nexus",
  "size": 1,
  "biomes": "#idas:has_structure/ancient_portal_biomes",
  "step": "underground_structures",
  "terrain_adaptation": "none",
  "start_height": {
    "absolute": -50
  },
  "spawn_overrides": {
    "monster": {
      "bounding_box": "piece",
      "spawns": [
        {
          "type": "minecraft:silverfish",
          "weight": 3,
          "minCount": 1,
          "maxCount": 4
        },
        {
          "type": "quark:wraith",
          "weight": 3,
          "minCount": 1,
          "maxCount": 4
        }
      ]
    }
  }
}