{
  "main/all": [
    {
      "texture": "silentgear:main_generic_hc",
      "color": "#397ba1"
    },
    {
      "texture": "silentgear:_highlight"
    }
  ],
  "rod/all": [
    {
      "texture": "silentgear:rod_generic_hc",
      "color": "#397ba1"
    }
  ],
  "rod/part": [
    {
      "texture": "silentgear:rod",
      "color": "#397ba1"
    }
  ],
  "tip/all": [
    {
      "texture": "silentgear:tip_sharp",
      "color": "#397ba1"
    }
  ],
  "tip/part": [
    {
      "texture": "silentgear:tip_base"
    },
    {
      "texture": "silentgear:tip",
      "color": "#397ba1"
    },
    {
      "texture": "silentgear:tip_shine"
    }
  ]
}