{
  "type": "integrated_api:generic_structure",
  "start_pool": "idas:redhorn_guild/redhorn_guild",
  "size": 1,
  "terrain_height_radius_check": 1,
  "allowed_terrain_height_range": 10,
  "search_for_highest_land": true,
  "valid_biome_radius_check": 1,
  "biomes": "#idas:has_structure/redhorn_guild_biomes",
  "step": "surface_structures",
  "terrain_adaptation": "beard_thin",
  "project_start_to_heightmap": "WORLD_SURFACE_WG",
  "start_height": {
    "absolute": 0
  },
  "spawn_overrides": {}
}