{
  "name": "idas:nexus/nexus",
  "fallback": "minecraft:empty",
  "elements": [
    {
      "weight": 2,
      "element": {
        "location": "idas:nexus/nexus",
        "processors": "idas:nexus_processor",
        "projection": "rigid",
        "element_type": "minecraft:single_pool_element"
      }
    },
    {
      "weight": 1,
      "element": {
        "location": "idas:nexus/nexus_blue",
        "processors": "idas:nexus_processor",
        "projection": "rigid",
        "element_type": "minecraft:single_pool_element"
      }
    },
    {
      "weight": 1,
      "element": {
        "location": "idas:nexus/nexus_sculk",
        "processors": "idas:nexus_processor",
        "projection": "rigid",
        "element_type": "minecraft:single_pool_element"
      }
    },
    {
      "weight": 1,
      "element": {
        "location": "idas:nexus/nexus_prismarine",
        "processors": "idas:nexus_processor",
        "projection": "rigid",
        "element_type": "minecraft:single_pool_element"
      }
    },
    {
      "weight": 1,
      "element": {
        "location": "idas:nexus/nexus_red",
        "processors": "idas:nexus_processor",
        "projection": "rigid",
        "element_type": "minecraft:single_pool_element"
      }
    },
    {
      "weight": 1,
      "element": {
        "location": "idas:nexus/nexus_white",
        "processors": "idas:nexus_processor",
        "projection": "rigid",
        "element_type": "minecraft:single_pool_element"
      }
    }
  ]
}