{
    "availability": {
        "tier": 5,
        "categories": [
            "metal"
        ],
        "visible": true,
        "gear_blacklist": [],
        "can_salvage": true
    },
    "crafting_items": {
        "main": {
            "item": "kubejs:whimsy_plate"
        }
    },
    "name": {
        "text": "Whimsy Plate"
    },
    "stats": {
        "main": {
            "durability": 5000.0,
            "armor_durability": 200.0,
            "repair_value": -0.3,
            "enchantability": 100.0,
            "armor": 70.0,
            "armor/helmet": 16.0,
            "armor/chestplate": 20.0,
            "armor/leggings": 18.0,
            "armor/boots": 16.0,
            "armor_toughness": 60,
            "magic_armor": 60.0,
            "rarity": 500.0
        }
    },
    "traits": {
        "main": [
            {
                "name": "silentgear:aquatic",
                "level": 5
            },
            {
                "name": "silentgear:bounce",
                "level": 1
            },
            {
                "name": "silentgear:cure_poison",
                "level": 1
            },
            {
                "name": "silentgear:cure_wither",
                "level": 1
            },
            {
                "name": "silentgear:fireproof",
                "level": 1
            },
            {
                "name": "silentgear:flame_ward",
                "level": 1
            },
            {
                "name": "silentgear:swift_swim",
                "level": 5
            },
            {
                "name": "silentgear:void_ward",
                "level": 1
            },
            {
                "name": "silentgear:nc_radiation_protection",
                "level": 5
            }
        ]
    }
}