{
  "replace": false,
  "values": [
    "minecraft:forest",
    {
      "id": "byg:red_oak_forest",
      "required": false
    },
    {
      "id": "byg:temperate_rainforest",
      "required": false
    },
    {
      "id": "byg:orchard",
      "required": false
    },
    {
      "id": "byg:autumnal_forest",
      "required": false
    },
    {
      "id": "byg:cherry_blossom_forest",
      "required": false
    },
    {
      "id": "biomesoplenty:cherry_blossom_grove",
      "required": false
    },
    {
      "id": "biomesoplenty:orchard",
      "required": false
    },
    {
      "id": "biomesoplenty:seasonal_forest",
      "required": false
    },
    {
      "id": "biomesoplenty:woodland",
      "required": false
    },
    {
      "id": "biomesoplenty:old_growth_woodland",
      "required": false
    }
  ]
}