{
  "replace": false,
  "values": [
    "minecraft:desert",
    {
      "id": "terralith:ancient_sands",
      "required": false
    },
    {
      "id": "terralith:desert_oasis",
      "required": false
    },
    {
      "id": "terralith:desert_spires",
      "required": false
    },
    {
      "id": "terralith:lush_desert",
      "required": false
    },
    {
      "id": "terralith:red_oasis",
      "required": false
    },
    {
      "id": "terralith:sandstone_valley",
      "required": false
    },
    {
      "id": "byg:mojave_desert",
      "required": false
    },
    {
      "id": "biomesoplenty:lush_desert",
      "required": false
    },
    {
      "id": "forge:sandy",
      "required": false
    },
    {
      "id": "c:sandy",
      "required": false
    },
    {
      "id": "forge:desert",
      "required": false
    },
    {
      "id": "c:desert",
      "required": false
    }
  ]
}