{
  "replace": false,
  "values": [
    {
      "id": "terralith:amethyst_canyon",
      "required": false
    },
    {
      "id": "terralith:basalt_cliffs",
      "required": false
    },
    {
      "id": "terralith:emerald_peaks",
      "required": false
    },
    {
      "id": "terralith:granite_cliffs",
      "required": false
    },
    {
      "id": "terralith:haze_mountain",
      "required": false
    },
    {
      "id": "terralith:mountain_steppe",
      "required": false
    },
    {
      "id": "terralith:painted_mountains",
      "required": false
    },
    {
      "id": "terralith:rocky_mountains",
      "required": false
    },
    {
      "id": "terralith:shield_clearing",
      "required": false
    },
    {
      "id": "terralith:steppe",
      "required": false
    },
    {
      "id": "terralith:stony_spires",
      "required": false
    },
    {
      "id": "terralith:valley_clearing",
      "required": false
    },
    {
      "id": "biomesoplenty:crag",
      "required": false
    }
  ]
}