{
  "replace": false,
  "values": [
    "minecraft:savanna",
    "minecraft:savanna_plateau",
    "minecraft:windswept_savanna",
    {
      "id": "terralith:arid_highlands",
      "required": false
    },
    {
      "id": "terralith:hot_shrubland",
      "required": false
    },
    {
      "id": "terralith:sakura_grove",
      "required": false
    },
    {
      "id": "terralith:sakura_valley",
      "required": false
    },
    {
      "id": "forge:savanna",
      "required": false
    },
    {
      "id": "c:savanna",
      "required": false
    }
  ]
}