{
  "replace": false,
  "values": [
    "minecraft:flower_forest",
    {
      "id": "terralith:blooming_plateau",
      "required": false
    },
    {
      "id": "terralith:blooming_valley",
      "required": false
    },
    {
      "id": "terralith:sakura_valley",
      "required": false
    },
    {
      "id": "terralith:sakura_grove",
      "required": false
    },
    {
      "id": "byg:cherry_blossom_forest",
      "required": false
    },
    {
      "id": "byg:allium_fields",
      "required": false
    },
    {
      "id": "byg:amaranth_fields",
      "required": false
    },
    {
      "id": "byg:rose_fields",
      "required": false
    },
    {
      "id": "byg:cherry_blossom_forest",
      "required": false
    },
    {
      "id": "byg:orchard",
      "required": false
    },
    {
      "id": "biomesoplenty:cherry_blossom_grove",
      "required": false
    },
    {
      "id": "biomesoplenty:lavender_field",
      "required": false
    },
    {
      "id": "biomesoplenty:lavender_forest",
      "required": false
    },
    {
      "id": "c:flower_forests",
      "required": false
    }
  ]
}