{
  "replace": false,
  "values": [
    "minecraft:snowy_plains",
    {
      "id": "terralith:alpine_grove",
      "required": false
    },
    {
      "id": "terralith:cold_shrubland",
      "required": false
    },
    {
      "id": "terralith:snowy_badlands",
      "required": false
    },
    {
      "id": "terralith:snowy_shield",
      "required": false
    },
    {
      "id": "biomesoplenty:snowy_fir_clearing",
      "required": false
    },
    {
      "id": "forge:snowy",
      "required": false
    },
    {
      "id": "c:snowy",
      "required": false
    },
    {
      "id": "c:snowy_plains",
      "required": false
    }
  ]
}