{
  "replace": false,
  "values": [
    "minecraft:snowy_taiga",
    "minecraft:grove",
    {
      "id": "biomesoplenty:snowy_maple_woods",
      "required": false
    },
    {
      "id": "biomesoplenty:snowy_coniferous_forest",
      "required": false
    },
    {
      "id": "biomesoplenty:muskeg",
      "required": false
    },
    {
      "id": "biomesoplenty:rainbow_hills",
      "required": false
    },
    {
      "id": "byg:frosted_taiga",
      "required": false
    },
    {
      "id": "byg:frosted_coniferous_forest",
      "required": false
    }
  ]
}