{
  "type": "integrated_api:rotation_fixed_structure",
  "start_pool": "idas:apothecary_abode/apothecary_abode1",
  "size": 3,
  "terrain_height_radius_check": 1,
  "allowed_terrain_height_range": 10,
  "valid_biome_radius_check": 1,
  "biomes": "#idas:has_structure/apothecary_abode_biomes",
  "step": "surface_structures",
  "terrain_adaptation": "beard_thin",
  "project_start_to_heightmap": "WORLD_SURFACE_WG",
  "start_height": {
    "absolute": 0
  },
  "spawn_overrides": {}
}
