{
  "type": "integrated_api:over_lava_nether_structure",
  "start_pool": "idas:necromancers_spire/necromancers_spire1",
  "size": 4,
  "biomes": "#idas:has_structure/necromancers_spire_biomes",
  "step": "surface_structures",
  "terrain_adaptation": "none",
  "start_height": {
    "absolute": 31
  },
  "spawn_overrides": {
    "monster": {
      "bounding_box": "piece",
      "spawns": [
        {
          "type": "quark:wraith",
          "weight": 10,
          "minCount": 1,
          "maxCount": 1
        }
      ]
    }
  }
}