{
  "name": "idas:sunken_ship/sunken_ship_ruins",
  "fallback": "minecraft:empty",
  "elements": [
    {
      "weight": 1,
      "element": {
        "location": "idas:sunken_ship/sunken_ship_ruins1",
        "processors": "idas:sunken_ship_processor",
        "projection": "rigid",
        "element_type": "minecraft:single_pool_element"
      }
    },
    {
      "weight": 1,
      "element": {
        "location": "idas:sunken_ship/sunken_ship_ruins2",
        "processors": "idas:sunken_ship_processor",
        "projection": "rigid",
        "element_type": "minecraft:single_pool_element"
      }
    }
  ]
}