{
  "parent": "idas:idas_root",
  "display": {
    "icon": {
      "item": "minecraft:heart_of_the_sea"
    },
    "title": {
      "translate": "Ruins of the Deep"
    },
    "description": {
      "translate": "Do you dare to travel to the depths?"
    },
    "show_toast": true,
    "announce_to_chat": true,
    "frame": "challenge",
    "hidden": false
  },
  "rewards": {
    "experience": 100
  },
  "criteria": {
    "in_ruins_of_the_deep": {
      "trigger": "minecraft:location",
      "conditions": {
        "feature": "idas:ruins_of_the_deep"
      }
    }
  },
  "requirements": [
    [
      "in_ruins_of_the_deep"
    ]
  ]
}